Date,Ticker,PHASE,Close,BAL,HALF,STATE,DIST,TOUCH,LOW,HIGH,PROFILE,ENGINE,SCORE,HS,HT,MEM,HA,INV,SEQ,HMA,SLOPE,RET12,EntryOpen,CloseRet1,OpenRet1,MFE1,MAE1,CloseRet3,OpenRet3,MFE3,MAE3,CloseRet5,OpenRet5,MFE5,MAE5,CloseRet10,OpenRet10,MFE10,MAE10,CloseRet20,OpenRet20,MFE20,MAE20
2026-06-12,PRY,TRANSITION,143.9,143.0084,1.0799999999999983,ACTIVE,0.0,3,0,1,RESISTANCE_TEST,B,67.01654637080347,0.0,-1.0,5.0,1.0,1.0,1.0,142.15941993464054,-0.2957498607326915,-1.1509567775853071,147.5,1.1466296038916024,-1.322033898305075,0.1355932203389809,-2.2711864406779636,1.459346768589298,-1.016949152542368,0.745762711864395,-2.5762711864406818,6.462821403752583,3.8644067796610004,5.050847457627117,-2.5762711864406818,-0.7296733842946601,-3.1525423728813617,5.627118644067797,-3.6949152542372854,-6.150104239054899,-8.440677966101685,5.627118644067797,-10.881355932203396
2026-06-15,PRY,TRANSITION,145.55,143.0084,1.0799999999999983,NEAR,0.23569336511582067,2,0,1,RESISTANCE_TEST,B,51.99559788877091,0.0,-1.0,6.0,1.0,0.0,2.0,141.30415441176473,-0.13791763078416625,-0.4192684382191562,146.35,0.5496392992098809,0.0,1.0591048855483454,-1.810727707550397,1.5115080728272057,0.9566108643662474,3.8264434574649675,-1.810727707550397,6.286499484713137,5.705500512470096,6.45712333447217,-1.810727707550397,-0.5496392992099031,-1.0932695592757002,6.45712333447217,-2.938161940553452,-8.381999312950883,-8.882815169115133,6.45712333447217,-10.591048855483432
2026-06-17,PRY,FRESH,146.0,147.75560000000002,1.0502895767144818,NEAR,0.11989499884277709,3,0,3,RESISTANCE_TEST,B,64.50630217097068,1.0,1.0,1.0,1.0,0.0,4.0,142.16365604575168,0.1177708368216087,-0.28048181560829477,148.0,1.1986301369863117,-0.16891891891891442,2.6689189189189166,-0.8108108108108025,5.958904109589036,4.5270270270270085,5.270270270270272,-0.8108108108108025,1.3013698630137016,-0.06756756756756133,5.270270270270272,-3.2094594594594628,-1.9863013698630194,-3.310810810810816,5.270270270270272,-4.86486486486486,-7.979452054794523,-9.222972972972975,5.270270270270272,-11.587837837837844
2026-06-18,PRY,FRESH,147.75,147.75560000000002,1.0313144254530773,ACTIVE,0.0,3,0,3,RESISTANCE_TEST,B,64.48427963729691,1.0,1.0,2.0,1.0,0.0,5.0,143.33125408496733,0.19831682453351918,-0.5605058410343423,149.5,3.6886632825719134,2.474916387959869,3.645484949832767,-1.1036789297658944,0.4060913705583813,-0.7692307692307776,4.21404682274249,-2.341137123745818,0.23688663282570577,-0.936454849498336,4.21404682274249,-4.180602006688961,-3.8240270727580405,-4.949832775919738,4.21404682274249,-7.324414715719052,-11.133671742808794,-12.173913043478258,4.21404682274249,-14.280936454849492
2026-06-25,PRY,EARLY,148.1,145.382,1.0600000000000023,NEAR,0.2818004602943658,2,2,0,SUPPORT_TEST,B,49.41445125216224,0.0,1.0,7.0,1.0,1.0,1.0,151.3643586601307,0.02949585135520267,-0.1359712715533713,147.0,-3.54490209318028,-2.8231292517006845,0.4761904761904745,-3.367346938775506,-1.3841998649561038,-0.6462585034013535,2.3129251700680253,-3.367346938775506,-4.051316677920324,-3.3333333333333326,2.3129251700680253,-5.748299319727879,-7.798784604996611,-7.1088435374149554,2.3129251700680253,-10.578231292517016,-14.854827819041194,-14.217687074829932,2.3129251700680253,-16.19047619047619
2026-06-30,PRY,TRANSITION,146.05,145.382,1.0799999999999983,ACTIVE,0.0,3,1,1,INSIDE,B,64.34871261685713,-1.0,-1.0,2.0,1.0,1.0,1.0,147.5447017973856,-0.23952710375106046,0.31328353516433916,147.4,-2.0198562136254816,-2.917232021709637,0.33921302578019397,-4.477611940298498,0.1711742553919926,-0.746268656716409,0.33921302578019397,-6.00407055630936,-8.38753851420746,-9.226594301221159,0.33921302578019397,-10.447761194029859,-5.614515576857249,-6.47896879240164,0.33921302578019397,-11.2279511533243,-19.993153029784327,-20.72591587516961,0.33921302578019397,-22.557666214382632
2026-07-09,PRY,TRANSITION,136.55,134.7008,1.1599999999999966,NEAR,0.1109616527108075,3,1,1,CROSS,B,65.64216839506187,0.0,-1.0,9.0,1.0,1.0,1.0,137.23541258169936,-0.32343506140797784,-3.445414056893763,135.2,-1.0984987184181616,-0.1109467455621127,2.034023668639051,-0.1109467455621127,0.9520322226290512,1.9600591715976279,2.2928994082840326,-3.217455621301768,-3.8447455144635656,-2.8846153846153633,2.2928994082840326,-5.214497041420108,-7.652874404979871,-6.730769230769229,2.2928994082840326,-8.875739644970404,-8.824606371292576,-7.9142011834319455,2.2928994082840326,-18.417159763313606
2026-07-14,PRY,TRANSITION,137.85,134.7008,1.1700000000000017,NEAR,0.3329484814322743,3,1,1,CROSS,B,65.58087409777434,0.0,-1.0,12.0,1.0,1.0,1.0,133.38603758169933,-0.10171421979601132,-2.4813005765592138,137.0,-2.5389916575988436,-1.9343065693430694,0.6569343065693456,-2.2992700729927096,-9.067827348567281,-8.503649635036503,0.6569343065693456,-10.072992700729921,-5.40442509974609,-4.817518248175179,0.6569343065693456,-10.072992700729921,-15.23394994559304,-14.708029197080297,0.6569343065693456,-16.67883211678832,-7.471889735219439,-6.8978102189781065,0.6569343065693456,-19.48905109489051
2026-07-15,PRY,TRANSITION,134.35,133.514,1.1700000000000017,ACTIVE,0.0,3,2,0,SUPPORT_TEST,B,69.27401865397731,0.0,-1.0,13.0,1.0,0.0,2.0,132.91068218954248,-0.08182881305209252,-0.8607119473370072,134.4,-2.2701898027539857,-2.3065476190476164,0.7440476190476275,-4.650297619047617,-6.9594343133606245,-6.9940476190476275,0.7440476190476275,-8.333333333333337,-4.540379605507994,-4.57589285714286,0.7440476190476275,-8.333333333333337,-14.6259769259397,-14.657738095238093,0.7440476190476275,-15.587797619047617,-2.1957573502046857,-2.2321428571428603,0.7440476190476275,-17.931547619047628
2026-07-31,PRY,TRANSITION,120.2,119.2724,1.3000000000000114,ACTIVE,0.0,3,0,2,RESISTANCE_TEST,A,74.26126952377146,0.0,-1.0,25.0,1.0,1.0,1.0,117.35464869281046,-0.19933612828671626,-2.911679525311366,123.7,-0.6239600665557399,-3.4357316087307965,0.24252223120453387,-7.396928051738083,1.580698835274541,-1.2934518997574806,4.042037186742098,-7.396928051738083,4.825291181364388,1.859337105901382,4.042037186742098,-7.396928051738083,6.447587354409312,3.4357316087308076,9.054163298302353,-7.396928051738083,1.5391014975041584,-1.333872271624903,9.054163298302353,-7.396928051738083
2026-08-03,PRY,TRANSITION,119.45,119.2724,1.2999999999999972,ACTIVE,0.0,3,0,1,RESISTANCE_TEST,A,74.24487305181529,0.0,-1.0,26.0,1.0,0.0,2.0,116.71082107843135,-0.10035614887449763,-2.205620689233092,121.8,3.4742570113017957,1.477832512315258,3.037766830870292,-1.1494252873563093,4.227710339054003,2.2167487684729092,5.6650246305418595,-2.504105090311981,5.35789033068228,3.325123152709364,6.6912972085385825,-2.504105090311981,9.711176224361662,7.594417077175719,10.755336617405597,-2.504105090311981,0.6278777731268281,-1.3136288998357948,10.755336617405597,-3.8587848932676527
2026-08-04,PRY,FRESH,123.6,122.83280000000002,0.7524735962069974,NEAR,0.0023048447517783344,3,0,3,CROSS,B,75.49638626756158,1.0,1.0,0.0,1.0,0.0,3.0,117.09329656862747,0.059861636191366044,-1.8546558068438939,128.0,-1.2135922330097082,-4.609375000000004,0.5468749999999911,-5.195312500000004,1.9417475728155331,-1.5625,0.5468749999999911,-7.2265625,3.1957928802589075,-0.3515625000000022,1.5625,-7.2265625,0.8495145631068013,-2.6171874999999956,5.390625000000004,-7.2265625,-5.258899676375406,-8.515625000000004,5.390625000000004,-9.492187500000004
2026-08-05,PRY,FRESH,122.1,122.83280000000002,0.7605549548055922,ACTIVE,0.0,3,1,2,RESISTANCE_TEST,B,75.4743637338878,1.0,1.0,1.0,1.0,0.0,4.0,117.89611928104576,0.1243155023333733,-0.2709840238925044,121.2,1.9656019656019597,2.722772277227725,3.9191419141914263,-2.0214521452145195,3.071253071253066,3.836633663366329,7.2194719471947,-2.0214521452145195,7.61670761670763,8.415841584158423,11.303630363036298,-2.0214521452145195,1.228501228501222,1.980198019801982,11.303630363036298,-2.0214521452145195,-2.457002457002455,-1.7326732673267342,11.303630363036298,-4.414191419141922
2026-08-07,PRY,EARLY,126.0,122.83280000000002,0.7469365341163847,NEAR,0.38160598874400625,2,1,0,SUPPORT_TEST,B,60.430647632256466,0.0,1.0,3.0,1.0,1.0,1.0,121.2112949346405,0.29941308420930707,-0.9302604304559328,126.8,-0.11904761904761862,-0.7492113564668834,2.484227129337535,-0.7492113564668834,4.285714285714293,3.6277602523659302,6.388012618296535,-1.0252365930599305,1.5476190476190421,0.9069400630914881,6.388012618296535,-1.0252365930599305,-1.5873015873015928,-2.208201892744477,6.388012618296535,-5.205047318611989,-2.9761904761904767,-3.588328075709779,6.388012618296535,-8.635646687697163
2026-08-28,PRY,TRANSITION,122.05,125.2064,1.2391726217208452,NEAR,0.37591996737706734,2,0,2,RESISTANCE_TEST,B,63.09543096215804,0.0,-1.0,8.0,1.0,0.0,2.0,119.91615604575165,-0.013814943153861557,-0.7744954448085318,122.05,-1.5157722244981464,-1.5157722244981464,0.2048340843916474,-1.6796394920114643,-2.417042195821384,-2.417042195821384,0.2048340843916474,-5.079885292912745,0.16386726751331793,0.16386726751331793,1.8025399426464528,-5.079885292912745,4.260548955346177,4.260548955346177,6.022122081114301,-5.079885292912745,0.28676771814830637,0.28676771814830637,6.841458418680868,-5.079885292912745
2026-09-03,PRY,TRANSITION,119.8,119.2724,1.2823696373346833,ACTIVE,0.0,3,0,1,RESISTANCE_TEST,A,76.26447603761184,0.0,-1.0,12.0,1.0,1.0,1.0,118.8328390522876,-0.044872036002895306,-2.551397680060986,121.9,2.045075125208684,0.28712059064806006,1.9278096800656286,-1.3945857260049266,7.262103505843065,5.414273995077923,5.701394585726005,-1.3945857260049266,3.171953255425697,1.3945857260049044,6.1525840853158265,-1.3945857260049266,1.5442404006677846,-0.20508613617719051,6.1525840853158265,-4.0196882690730185,4.215358931552582,2.4200164068908903,6.972928630024611,-4.0196882690730185
2026-09-04,PRY,FRESH,122.25,119.2724,1.165657127038033,NEAR,0.38824458098703796,3,0,1,RESISTANCE_TEST,A,74.15754114617849,1.0,1.0,0.0,1.0,0.0,2.0,119.0833047385621,0.05366722476206846,-1.0392083800683183,123.4,2.658486707566454,1.7017828200972307,2.1880064829821633,-0.08103727714749986,3.844580777096107,2.8768233387358233,4.862236628849281,-0.1215559157212387,4.089979550102241,3.1199351701782785,4.862236628849281,-1.4181523500810367,0.16359918200408163,-0.7698541329011377,4.862236628849281,-5.186385737439226,6.175869120654398,5.186385737439236,6.320907617504035,-5.186385737439226
2026-09-07,PRY,FRESH,125.5,119.2724,1.1510813016253234,NEAR,1.1015182980691072,2,0,0,INSIDE,A,59.13710988401018,1.0,1.0,1.0,1.0,0.0,3.0,120.06118464052288,0.2121833227303363,-0.2929270609934701,125.0,2.39043824701195,2.8000000000000025,3.079999999999994,-1.4000000000000012,-1.5139442231075773,-1.1200000000000099,3.520000000000012,-1.8799999999999928,-5.776892430278879,-5.400000000000005,3.520000000000012,-6.240000000000001,0.47808764940238113,0.8799999999999919,3.520000000000012,-6.399999999999995,,,,
2026-09-08,PRY,FRESH,128.5,122.83280000000002,0.6179814433293014,NEAR,1.0790159484146922,3,1,1,MIXED,B,72.34076581377688,1.0,1.0,2.0,1.0,0.0,4.0,121.78034722222222,0.3673843432902417,0.6304137981149689,128.9,-1.2062256809338479,-1.5128006206361566,0.38789759503490284,-2.598913886733911,-0.9727626459143934,-1.280062063615206,0.38789759503490284,-5.624515128006202,-8.015564202334623,-8.30100853374709,0.38789759503490284,-9.23196276183088,0.6225680933852118,0.3103180760279267,0.9309542280837801,-9.23196276183088,,,,
2026-09-16,PRY,TRANSITION,122.2,119.2724,1.2537902157420098,NEAR,0.3334363557682337,3,1,0,SUPPORT_TEST,A,72.3484966866844,-1.0,-1.0,2.0,1.0,1.0,1.0,123.6600367647059,-0.2406356552793035,-0.7669509294192519,123.05,-0.45008183306055605,-1.137748882568057,1.4628199918732099,-1.137748882568057,3.1914893617021267,2.4786672084518457,2.6818366517675774,-1.137748882568057,4.132569558101462,3.4132466477041934,5.973181633482327,-1.137748882568057,1.4729950900163713,0.772043884599749,5.973181633482327,-2.7631044290938545,,,,
2026-09-17,PRY,TRANSITION,121.65,122.83280000000002,0.7833992414663778,NEAR,0.08167894095084474,2,0,1,RESISTANCE_TEST,B,62.05854998069886,0.0,-1.0,3.0,1.0,0.0,2.0,122.45563725490197,-0.2463041803016942,0.4090074402999271,122.8,0.6576243321002817,-0.2850162866449457,0.7328990228013144,-0.8143322475570036,6.288532675709013,5.293159609120535,5.944625407166115,-0.8143322475570036,0.5754212905877409,-0.3664495114006572,6.1889250814332275,-0.8143322475570036,2.630497328401149,1.669381107491863,6.1889250814332275,-2.565146579804556,,,,
2026-09-21,PRY,FRESH,126.1,122.83280000000002,0.42766419454015936,NEAR,0.6131819950961543,2,0,2,RESISTANCE_TEST,B,53.42367562562189,1.0,1.0,0.0,1.0,0.0,4.0,121.74133986928105,0.01543014829639106,0.7234139043509908,126.8,2.5376685170499735,1.971608832807581,2.6025236593059997,-0.8675078864353258,-2.973830293417923,-3.5094637223974767,2.8391167192429068,-3.548895899053628,-2.815226011102301,-3.351735015772872,2.8391167192429068,-5.638801261829651,,,,,,,,
2026-09-23,PRY,FRESH,127.25,128.7668,1.296633000692289,NEAR,0.04805915442980059,2,0,1,RESISTANCE_TEST,A,50.420309435502375,1.0,1.0,2.0,1.0,0.0,6.0,124.17180964052287,0.3002560171073824,1.5389092815703163,126.05,-3.8506876227897835,-2.935343117810396,0.8726695755652658,-2.9750099166997224,-3.693516699410615,-2.776675922253069,0.8726695755652658,-5.0773502578341905,-2.5540275049115935,-1.6263387544625085,1.071003570011908,-5.0773502578341905,,,,,,,,
2026-09-29,PRY,TRANSITION,124.8,122.83280000000002,0.5773681199671415,NEAR,0.3014542359184389,3,0,0,INSIDE,B,70.66924734573759,-1.0,-1.0,1.0,1.0,1.0,1.0,124.82813725490196,-0.04582982588799871,-0.2277447742146217,124.8,-0.6410256410256387,-0.6410256410256387,2.083333333333348,-1.3221153846153744,4.006410256410264,4.006410256410264,5.128205128205132,-1.3221153846153744,,,,,,,,,,,,
2026-09-30,PRY,TRANSITION,124.0,122.83280000000002,0.5741440999363395,NEAR,0.12935602041922306,3,1,0,SUPPORT_TEST,B,70.64891798491446,-1.0,-1.0,2.0,1.0,0.0,2.0,124.60383169934639,-0.0489250237987315,-0.5343884952381133,127.95,0.6854838709677402,-2.422821414615095,0.7424775302852682,-2.7745212973817823,,,,,,,,,,,,,,,,
2026-10-02,PRY,FRESH,129.8,128.7668,1.3520462861482745,ACTIVE,0.0,2,0,2,RESISTANCE_TEST,A,51.4992949219707,1.0,1.0,0.0,1.0,0.0,4.0,124.97103758169938,0.1127428637910408,1.405418117669537,,,,,,,,,,,,,,,,,,,,,
